{
    "pile": {
        "ce_loss": 3.5060712894970414,
        "perplexity": 33.3171170183815,
        "n_tokens": 906802
    },
    "alpaca": {
        "ce_loss": 2.089508048362392,
        "perplexity": 8.080938755230731,
        "n_tokens": 270467
    },
    "alpaca_custom_completions": {
        "ce_loss": 0.2911687637836837,
        "perplexity": 1.3379903692145525,
        "n_tokens": 28550
    }
}