{
    "pile": {
        "ce_loss": 2.3632087975477893,
        "perplexity": 10.624990254088376,
        "n_tokens": 900864
    },
    "alpaca": {
        "ce_loss": 1.944961281117119,
        "perplexity": 6.993361074662452,
        "n_tokens": 267216
    },
    "alpaca_custom_completions": {
        "ce_loss": 0.3488393071402204,
        "perplexity": 1.4174214025418526,
        "n_tokens": 50407
    }
}