{
    "pile": {
        "ce_loss": 2.4770057541838284,
        "perplexity": 11.905562813189931,
        "n_tokens": 900864
    },
    "alpaca": {
        "ce_loss": 1.9204822980274763,
        "perplexity": 6.824248997549846,
        "n_tokens": 267216
    },
    "alpaca_custom_completions": {
        "ce_loss": 0.5959260842813715,
        "perplexity": 1.8147107421167417,
        "n_tokens": 50407
    }
}