{
    "pile": {
        "ce_loss": 2.347534576831605,
        "perplexity": 10.459750199300762,
        "n_tokens": 900864
    },
    "alpaca": {
        "ce_loss": 1.9123478017340991,
        "perplexity": 6.768962338794207,
        "n_tokens": 267216
    },
    "alpaca_custom_completions": {
        "ce_loss": 0.3319878550658189,
        "perplexity": 1.393735921578695,
        "n_tokens": 50407
    }
}