{
    "pile": {
        "ce_loss": 2.018780516897791,
        "perplexity": 7.529137676777183,
        "n_tokens": 924049
    },
    "alpaca": {
        "ce_loss": 1.8885597451384923,
        "perplexity": 6.609841965216284,
        "n_tokens": 282786
    },
    "alpaca_custom_completions": {
        "ce_loss": 0.2968943502554797,
        "perplexity": 1.3456731219161817,
        "n_tokens": 48199
    }
}