{
    "pile": {
        "ce_loss": 2.2141168260527793,
        "perplexity": 9.153321565642237,
        "n_tokens": 936338
    },
    "alpaca": {
        "ce_loss": 1.5874492478886093,
        "perplexity": 4.891256619558709,
        "n_tokens": 306589
    },
    "alpaca_custom_completions": {
        "ce_loss": 0.19102747202507453,
        "perplexity": 1.2104927063104973,
        "n_tokens": 44610
    }
}