{
    "pile": {
        "ce_loss": 2.2203055087955725,
        "perplexity": 9.210144216175271,
        "n_tokens": 936338
    },
    "alpaca": {
        "ce_loss": 1.6088477880089942,
        "perplexity": 4.997050248320329,
        "n_tokens": 306589
    },
    "alpaca_custom_completions": {
        "ce_loss": 0.18454007873671976,
        "perplexity": 1.2026651816201381,
        "n_tokens": 44610
    }
}