{
    "pile": {
        "ce_loss": 2.933188165878706,
        "perplexity": 18.78743256801874,
        "n_tokens": 904444
    },
    "alpaca": {
        "ce_loss": 1.785661379541124,
        "perplexity": 5.963522795549377,
        "n_tokens": 269234
    },
    "alpaca_custom_completions": {
        "ce_loss": 0.4852284907449396,
        "perplexity": 1.624546160202623,
        "n_tokens": 24257
    }
}