{
    "pile": {
        "ce_loss": 2.920971959015705,
        "perplexity": 18.55931759211157,
        "n_tokens": 904444
    },
    "alpaca": {
        "ce_loss": 1.7793309633186187,
        "perplexity": 5.925890453967623,
        "n_tokens": 269234
    },
    "alpaca_custom_completions": {
        "ce_loss": 0.4765351238817661,
        "perplexity": 1.6104845941798978,
        "n_tokens": 24257
    }
}